{"basebundles": 5, "bundles": 21, "credentials": 1.8571428571428572, "description": 0.047619047619047616, "errors": 1, "images": 0.3333333333333333, "imagetype:azure-image": 0.047619047619047616, "imagetype:docker": 1.2380952380952381, "invocationImages": 0.9523809523809523, "maintainers": 0.0, "parameters": 1.4285714285714286}